fare_amount,trip_distance,trip_duration_minutes,fare_per_mile
19.96714153011233,5.798710873172004,8.248217250256184,3.443375944555402
13.617356988288154,4.849267365825538,13.554813292844822,2.8081266634738213
21.476885381006923,3.1192607398403482,7.075800790000387,6.885248516321904
30.230298564080254,1.7061264445888522,11.920384703609598,17.718674169759584
12.658630430508195,3.7869707708434994,17.132937073729387,3.3426797291304804
30.792128155073915,4.790386440055465,15.012054753622243,6.427900659036893
22.674347291529088,4.270343603363939,6.829113689318094,5.309724321402967
10.305256140650478,5.09910543063867,21.59245668432405,2.0209929527500923
20.425600435859646,1.929529576878864,24.37570137626558,10.585792869212892
10.342702464297432,3.395199209384799,7.372752214337858,3.046272641590153
17.419622715660342,7.150521745250531,7.308576502127018,2.4361331013685374
9.377124707590273,3.395821566925296,13.061738612271965,2.761371445108252
4.8716887966557625,1.6971639927711033,12.354851586893894,2.8704879536722574
5.91975924478789,2.3593053836113596,21.354180302092264,2.5091110654469784
29.65648768921554,4.0456709760709995,15.599326302663282,7.3304250060435665
12.742236995134643,1.852599992122842,17.773769379581918,6.878029282799291
15.67528204687924,2.951290815478034,28.60658595838651,5.3113308809387
16.10922589709866,3.872647339348064,16.83849544753695,4.15974512665296
3.4900642257769725,3.0760069563364008,33.005111815108535,1.1346086908508568
18.75698018345672,3.2400626534365227,27.389463529394373,5.7890794684363325
8.99361310081195,4.227035945460833,17.096594152746256,2.1276405540079844
12.083062502067232,0.9544148696031889,10.083638143679526,12.660178384574971
8.982933877706031,2.4852469251533096,23.071225966373103,3.61450356774987
14.86502775262066,3.7984462452105587,19.76357769356219,3.9134495509483376
4.422890710440996,4.294391879405482,20.05470159166627,1.0299224743907869
23.22544912103189,2.033627075401252,25.6020990749888,11.420702154277382
22.384665799954107,6.367855382915737,8.052868689109419,3.515259762338468
16.713682811899705,2.08223147426212,10.90717561886896,8.026813069772913
13.843517176117595,5.157361666862592,9.759116020654075,2.684224623040467
11.988963044107113,2.9229830609985856,16.52354872033722,4.101619063098948
7.801557916052913,4.767319874973345,26.210306673244716,1.6364662159567243
10.393612290402125,4.304645756826839,15.00207064918197,2.4145104795019776
18.436182895684613,5.9530806994517915,11.721052834870822,3.096914660905297
18.24083969394795,1.7488745969809412,23.25098264667635,10.430044398515976
11.149177195836835,3.791607066874818,6.328697842890996,2.9404885578046978
8.230779996940413,3.9880603725654775,8.418835109247434,2.0638554154198117
21.11676288840868,3.521347531647814,11.962739712233354,5.996784667978253
25.309995224959508,1.8993896923091598,1.541290765267851,13.325330408732075
24.312801191161988,1.656753264123897,6.807421402785023,14.674968033950893
6.607824767773614,2.9488918580171095,10.23779126455341,2.240782329744991
11.907876241487854,5.345458038518729,23.743891807127277,2.2276624670292287
18.31263431403564,4.087200309188865,17.62561329001925,4.480483687786253
24.755451271223592,2.258771335827788,16.935899113675443,10.959697813834389
10.208257621547101,4.54339742129669,23.50897962167972,2.2468335201532197
3.936650259939718,5.297531400744207,18.904648499288896,0.7431103210424935
23.12525822394198,2.2751181171937356,17.653623493996285,10.164420936731862
25.03532897892024,5.321653574757039,13.657208378136959,4.704426664988849
18.61636025047634,2.0645975973762174,29.227481360999402,9.016943676644225
8.548802453948756,3.6930077634614316,24.262154022415924,2.314861760793056
18.613956055084138,2.906158842241632,24.653974845911705,6.405002983500544
30.380365664659692,3.954081654446243,27.36130721806218,7.6832924354250265
14.641739608900485,3.1536437821205108,15.886575909614374,4.642800715766121
23.21902504375224,2.012486833677375,11.839271439729503,11.537479229776922
12.009926495341325,2.1437696780681748,27.038844371688164,5.602246649072809
15.917607765355022,6.001519581268622,13.605537243190005,2.6522629060539202
12.803281121624881,2.3026957311842815,15.005279588565973,5.560127179738213
18.571125715117464,2.3014845913631423,21.012067489291148,8.069194025808361
6.915063971068124,3.763870904463107,9.494631505084165,1.837221346478278
9.982429564154636,3.8600832943821395,2.7928757408584133,2.586065844403615
24.15402117702074,5.060566908063684,9.91859802352689,4.772987219778258
18.287511096596845,3.477578318053027,13.522196811825285,5.258691371999172
9.702397962329613,2.481915708358594,10.467515909769865,3.9092375013598906
20.13267433113356,2.6073003018300436,29.524675344707454,7.721655352474203
15.970775493480403,2.856797481171872,18.2674476460232,5.590447204864208
24.686449905328892,2.925555526980317,18.004743596108284,8.438209317055627
7.979469061226476,4.4552590872739595,21.22207144043402,1.7910224534458838
11.723378534022318,3.103891771614599,3.611668822192309,3.7769933350234015
11.078918468678424,4.465280154431158,25.391117874202685,2.4811250549832056
17.961202770645762,3.1572703806321814,21.704806172412127,5.688838966984318
12.654128666248532,3.6929769517959854,23.17889658025029,3.4265387603067814
11.572854834732304,7.176749409561455,6.303369187253056,1.612548268623396
6.97722730778381,2.7208207436896523,26.254347844147695,2.5643833111629863
13.387142883339909,5.216365633475033,3.1058810713267206,2.566373568108506
33.8618590121053,4.225547810125139,5.993792653521313,8.013602149043601
16.74577812831839,0.8931688736526877,21.38391925608383,18.748725601951566
17.57550390722764,1.7524620786083898,11.713815242510154,10.029035219514792
14.255540842338327,6.828062707733572,21.031874310823433,2.0877870418782587
14.734861245507831,3.4348657463594456,13.372070939277059,4.289792479116557
15.602302099410265,4.740135461377508,15.409191753957211,3.291530848967796
39.63242112485286,3.991363775945209,4.978125442185274,9.92954372230012
13.076390352188774,3.300837810287153,22.40824345420126,3.961536768464006
18.015473423336125,3.729922004932451,9.867864335284148,4.829986632297526
14.652882302947567,7.80683117047655,12.714000846599815,1.876930854910894
3.313219623804679,2.8847624059328294,5.056506253914877,1.1485242656347299
22.519330326867742,5.1013087920152245,13.08972237399831,4.414422111069989
22.91031947043047,5.211051865915968,39.12615421612916,4.3964865558680115
5.90612545205261,5.37406061112076,22.84604287898024,1.099006110915613
29.02794310936099,4.277460444058369,14.807396202656054,6.786256352103131
20.868570938002705,6.266863064602192,15.224658928120464,3.329986745023509
5.094636748693116,3.6052709304780666,3.1918718469115515,1.4131078764772766
9.33702270397228,1.4914482999612841,26.14321694668872,6.260373024136778
15.996513650876413,2.871723306814015,22.15381315441244,5.570353387779367
9.965243458838007,3.6575248206069606,22.181857257079344,2.7245866939009016
15.685629748060274,3.8438415084705695,15.196166576939898,4.080717093432254
4.376962862738951,6.227422538117294,21.728612359668197,0.7028530400736573
19.735924306351816,3.9070686030279598,20.91814133741378,5.051338052026158
5.805757657661969,2.5116867294187024,11.459592890589763,2.311497524615913
30.499344050175395,4.928174336576714,9.26398227103099,6.188771331365142
7.167467076637629,5.378940977849281,16.018562952619867,1.3325052470650967
23.135172173696695,4.194800139699716,2.6089292434609916,5.515202489564336
17.274599346041295,2.404872993280016,16.647608412365166,7.183164929837063
28.07142754282428,5.751413626623239,15.508877018560181,4.880787466385987
16.846338585323043,3.2511529069430845,17.439531979085004,5.181650653633179
17.598827942484235,2.653856351432261,12.767977453651948,6.63141693143501
22.818228717773103,3.031158095162935,29.898634386020824,7.527891321203603
20.219415656168977,6.189010126449944,13.967452398509526,3.2669870048777834
17.504928503458764,1.0172153010873857,13.241455955679289,17.20867596539916
8.199752784215093,1.7220765046209956,15.208864882959618,4.761549653695404
17.93072473298681,6.284030320272738,2.398352348274198,2.853379729111267
7.856485819736322,5.019634178685268,8.836385919605226,1.565151072780781
19.738329209117875,7.5048716106886175,11.82284903243766,2.6300688716654492
3.0869650279735144,4.963530973983189,27.816437950037688,0.6219292362945109
21.565536086338298,2.350337232982755,20.576910607251246,9.175507150082462
22.87084603742452,7.5818851451814835,17.46504778432005,3.0165118040543826
24.633761292443218,5.045140864019281,30.805406865683736,4.882670663989824
19.12780926936498,7.879504812678546,4.849058081721314,2.427539512202253
23.2206015999449,5.768545637021036,6.891424887896617,4.025382316631262
33.967929826539475,4.12781824010472,2.4242214108538374,8.229027503322854
12.546118839971296,4.189508683330572,12.659801408930186,2.99465159002783
7.462638356425105,4.706831117560616,19.663583744463345,1.5854909959660346
6.104855703744768,4.5178571795735305,24.873345165891017,1.3512723977523
6.841897150345616,3.5623828479387516,14.240489763574772,1.9205956918146632
14.228982905858958,3.208402207903752,11.80152476745156,4.434912452935767
18.411519748166437,2.874813744200955,16.517579922487403,6.404421776995455
17.76690799330019,1.4920708222666474,6.64857098369977,11.907550049340133
23.27183249036024,2.438649846266452,35.89538721694773,9.542916760267644
29.535340771573168,2.8033207464105003,16.847405788957246,10.535840684442393
12.35343166762044,1.022817785698165,35.236062192296394,12.077842055892793
21.25667347765006,3.359788302306957,13.099609649985055,6.326789537023637
6.428424435837174,5.784004572689199,11.425545771895727,1.1114141344546622
4.291075019388877,4.836633212004626,13.196083182375922,0.8872029015428208
22.14000494092092,4.881542375976432,30.334337012963253,4.535452780227553
14.271710873431273,2.5507337000059507,12.333476707655851,5.5951394978621165
6.53206281931595,4.100104198049104,10.70755579701338,1.5931455650380815
17.14093744130204,1.7972647120975727,35.243096232868524,9.537235848411553
2.542612212880119,3.639563868285074,1.3682599540718954,0.6986035428684955
18.853173797288367,3.880949475920798,8.380178222033908,4.857876639276589
6.161425637988669,2.9607244021466377,19.258872061930358,2.0810534183868654
16.53725105945528,4.104979908834295,15.191477774157521,4.028582703624345
15.582087184459999,3.4478282681293226,8.585130909556904,4.519391910698128
3.5702970216937686,5.728280859947688,19.87872284871074,0.6232754833404544
18.577873603482832,3.2504490052958146,33.04348109786743,5.715479176327552
20.607845263682343,2.141188917749494,13.090962082727014,9.62448716825151
25.83051243175277,3.2445950060645674,22.19757942148182,7.96108986898895
25.53802052034903,4.086596058072776,2.067270421288363,6.249215767215483
5.621749600848773,3.081183382407765,19.724062778803773,1.8245423602329387
20.150352672086598,1.5960166243864893,29.84116028535965,12.625402745934691
20.137859509122087,1.6741981648981037,18.5561334878566,12.028360758804041
53.52731490654721,6.499153486373879,14.992914054233541,8.236044127711793
26.355656401805987,1.6141896044081854,21.04515326355367,16.32748490625352
24.540017634932024,1.5631854688616051,23.823330623234092,15.698724254904551
21.51391251305798,4.789848753888883,10.479096671669197,4.4915640594268895
11.847307553596544,2.4101006434159444,10.299578522404985,4.915689967537961
22.589692204932675,5.495484145347468,17.658782296520485,4.1105918254822615
7.271747854624282,1.653018751512263,10.632802639594045,4.399071606399945
12.631813932599911,3.557988324447604,14.338673853741776,3.550268517129287
10.146364521708964,1.3293058934804853,35.99721789166516,7.632828960942176
15.818741393863226,7.290298255546777,12.529742992540033,2.169834599267271
21.862601903745134,4.267553761864197,22.44191971499937,5.122982186917989
10.280681342105666,2.6294246822445833,8.50626961678574,3.90985960218859
25.88950596967366,2.7403586005331477,28.213040322730123,9.447488355953396
15.642800190954627,3.0876229439582192,29.19603004513637,5.06629224969456
4.222552220706939,2.705995996743023,8.995764342612949,1.5604428926684542
21.795977489346757,7.421046003182703,25.075136898369223,2.9370492353771964
7.696333682828634,1.8850164299843328,8.15370174239996,4.082900053498526
8.48399652394183,8.159418675308636,23.925973382993092,1.0397795310608835
21.33919022318011,6.278233610888135,22.307641190665244,3.39891624710687
16.864543147694278,1.8928235165840108,5.460605806033552,8.909728244569685
8.38213535231612,4.137966158370551,10.929636870732196,2.0256655157413945
23.52433334796224,6.256793246257076,21.863184569567007,3.759806728795923
7.074792615672994,2.2417445180250257,16.058944531152342,3.1559317124619883
13.85263558533101,2.5928392797952764,20.844129804724844,5.3426510826481985
20.04987278980457,1.8366381721027125,34.764405845154855,10.916615528495777
2.9970359294422373,1.7014449098679858,31.172125749686238,1.7614651594419097
10.250546888390438,3.0681669365184523,6.012159516768719,3.340935190450251
8.466707674262882,1.4600535378827164,1.6968637426101019,5.798902200902031
32.65454240281097,3.4675718235814954,13.108796092229666,9.417120701218408
2.3911604566495477,3.661760464428914,13.724508796224658,0.6530084312935722
24.17861947054776,4.6670579232178495,30.111549302473474,5.180698390363463
25.324652605511467,3.7481131396951444,14.879110521539454,6.756640384545934
10.157659271337486,0.5807179626175891,18.636318826249678,17.491553430776943
27.669111491866225,6.345144773675407,23.868873900973004,4.360674575410668
7.923305343812192,3.8380380187320906,10.792382063189468,2.064415543864176
22.746340534293367,2.888461844684588,16.989481467964946,7.874897352773307
5.73069528421917,4.116653825043445,19.367385517335094,1.392076071433743
14.404746439381999,3.152010782824823,19.042947549616976,4.570018135049813
4.756123586657102,1.1586528138412675,4.289463203509511,4.104873806752503
12.474318486068396,3.338721648072156,21.802161054504495,3.7362559089857985
2.522168180351505,0.17257100619003962,26.92507512477975,14.61524873751984
10.599555133030162,1.5289401148204669,9.958201689923285,6.932616281230083
16.307405772860914,5.472186350420875,14.184773268983541,2.980053077250683
29.412732890661154,5.182620241188538,18.476764835383364,5.675262998609346
15.102330610195871,2.3671831006103963,15.341524174880245,6.3798742929102605
5.18491348952049,5.426195399958367,4.127540611371973,0.9555338699303515
19.62103474263271,3.2834338272798096,4.141748711148146,5.975766765760567
16.990596955734702,7.638659079963388,21.793732829565034,2.2242905172063443
8.997831228412053,3.786635678788744,3.512059648413439,2.376207269903042
15.698020849900189,3.384098232980063,21.66312500909212,4.638760393216006
11.146864031382398,2.3817670715949975,19.625912928539513,4.680081509363416
21.621306745210468,2.695060327238912,8.224353476643449,8.022568744263133
30.860168161453522,4.416217353377181,26.941094030473725,6.987918775749127
2.6218450117315086,4.913404633589169,5.188344688603184,0.5336106441972988
20.883172064845766,4.015982653825088,12.484611139555042,5.200015504288907
12.918777496427248,3.777157209061928,32.388996637975794,3.420238232455164
10.069990653411672,7.985999034865581,24.788580507817954,1.2609556561987698
9.106352430557884,2.9878581769202133,15.853181425650241,3.047786036465899
23.496020970210246,4.676981548903283,6.917342783590737,5.0237574650513395
18.570154859650472,3.16365871709513,6.695555934434347,5.869835061318366
8.070904047393459,2.8022206936177145,20.225141052657577,2.8801814453000074
23.995998754332508,4.838152965975537,19.18398220888684,4.959743712752599
18.072995208766095,2.419450911622697,29.015985929464293,7.469874723205171
23.1286211883896,3.534784628143806,21.50450092536139,6.543148627568564
6.710049890779278,1.6638190927139025,25.519476177229187,4.0329203578463115
9.398189598030305,4.984084699073046,5.019393726855871,1.8856400252945553
22.47293605123262,2.6500804866091827,11.160287280476485,8.480095666825227
21.103702654334647,1.4885096810143106,17.502002062516944,14.177739603248005
14.790984060358518,4.073019687140807,34.95667489783965,3.6314541044464104
16.17327383308782,1.2030640364179255,46.09918556005361,13.44340229905225
27.776648957884248,3.0563623147382564,21.067230591361827,9.088140114783155
9.0842861116417,2.981762006711593,13.168033812796121,3.046616762569933
20.47097381170038,5.171791131663156,20.345056484805504,3.958198096278741
12.97807347566106,3.9493964657599054,23.87655425873836,3.2860903148562324
12.823187967727797,2.949946082509712,11.793323744428083,4.346922828100733
25.9877685198719,4.635532598400574,32.95211355912322,5.606209851450212
23.2541634898803,5.780415098034627,17.30070759191402,4.022922765146545
23.135096360006386,4.115620612703724,19.977430890913944,5.621289845957879
28.054788071543292,3.020705239686761,21.659242520544613,9.287496079707697
11.89733243406544,2.3895505912906647,8.827468134530768,4.978899579455796
18.241663524884423,1.7809755956814337,9.416982460539694,10.242511783495175
13.698569456323154,2.626057394029108,3.9984576702830505,5.216401396050872
15.969959649927182,3.113299849794214,19.395012306202265,5.12959252896337
20.951570254369138,4.059385508713461,22.78936503512114,5.1612664550820915
6.817793167665275,2.859002443881818,19.577728661518858,2.3846755298356443
35.92387275685461,3.973003287652404,31.744924333475375,9.041994218454715
4.93982618500298,3.1289488296202403,14.944039811709535,1.5787494311955639
22.91662693962936,2.711824888556769,11.12900297525599,8.450629329471775
21.2834550926428,4.199857459992409,23.49102110743144,5.067661294552903
14.877532271530853,6.061501664687395,12.060330523358179,2.4544301221928513
6.027456285141685,5.437523703394634,14.284007481419332,1.10849287542025
8.228382884878883,5.9814522736999045,11.429707991933906,1.375649676427011
24.751197334177512,3.297334914404223,23.90383163519786,7.506425030121536
13.529426184978613,2.325828057763921,20.75205016106566,5.8170362765276655
6.7450280320748845,1.7731946729181205,20.006657213812097,3.8038846693435473
11.786141583470066,2.395060627023743,15.4977368718096,4.921020140570006
19.129314542756244,2.2236463629175427,15.070631586281765,8.602678403259034
9.362754471960253,3.3408324447509754,8.39678860526553,2.802521415484562
6.777796044335686,3.321147962099729,21.988284202025348,2.040799181994457
17.436872114919122,3.0060920403068287,19.2097294438939,5.8005117212377035
17.449665711087228,3.8738763394927,19.920188479927994,4.504445723575248
9.930568246288702,5.381292549572683,9.739651573324196,1.84538717321311
12.865528482881528,2.550469196214633,11.079873600808703,5.044377129500857
23.576596232020194,4.082925456409576,21.835693232004775,5.774437099998605
13.400614700365729,4.518310320605294,1.3404428879946568,2.965846466820482
14.809837920973111,1.8469791985465611,27.119439853864005,8.018410782659263
14.814868640076101,1.9075111034950345,11.307228607537969,7.76659627979705
12.113413610798617,3.783608010805093,16.43388467342251,3.201550894333018
6.72769056447677,3.366719839558311,19.086528114806708,1.9982923691563814
20.193465142411725,2.969380301654009,4.706284918179284,6.800565468546932
30.32738913002578,4.158582999202177,1.4732971415646556,7.292721856421786
19.017117220989412,1.053862118236889,26.126883749899253,18.04516633808324
21.901439917111126,5.393143003328983,8.707366063072113,4.060978895533124
10.987795281141636,2.68294085394606,30.337277099164993,4.095429560059375
17.24092481810417,2.9453909209801363,9.641985369477021,5.85352684266675
15.976760985488317,2.1134354976169796,3.834755600513409,7.559616086463503
7.269902161445335,1.2303945719461982,27.358116200069386,5.908594143052858
15.245101742589426,2.654107880153154,13.441018220633325,5.743964612964306
19.979982912454496,6.423416960284687,9.51712703509399,3.1104913531207194
36.531824575115564,5.942340654987217,26.17398815902461,6.147716311830014
7.326524371119505,2.581352645696268,29.484992298929264,2.8382500869590883
23.72320636720678,1.6618545226801669,11.402313542109143,14.275140238477086
16.833420057383517,5.079809374792153,1.7395231391796173,3.3137897144166515
6.917017146448485,6.652019427093872,17.60280506582886,1.0398371836190479
6.602781578192239,4.355851742678539,5.3624107378938906,1.5158416696092596
9.00607354555978,2.024177183708595,5.42849085104957,4.449251586296071
9.74244978319239,1.7885701539933232,14.513476484295488,5.447060469750385
7.40867338446302,4.484190744018614,15.327969954115865,1.6521762358894576
16.503937864762076,3.5985851608129837,7.4150466529993055,4.586229622820305
18.417559757771595,5.603482578797596,12.695992857942327,3.2868059280597715
33.761708392158866,6.123022393453706,5.757668557316956,5.513895952471846
24.504238381860503,3.064008298131533,23.90198411124787,7.997445175590244
9.23096344337597,1.493164259307633,25.352493347237527,6.182148672414838
19.919191715065057,1.6445692604957878,5.704891398075899,12.112102660279582
33.31458765854354,3.273070662165475,8.499760655931018,10.178389377179682
26.79440120721287,2.2693568973757827,14.165620302096391,11.807045968924996
13.854601547473822,5.400827815888851,17.07267329398944,2.5652736987308815
27.378163119734616,1.6862114420572085,15.693443370362504,16.236494686771167
9.006249770462272,4.073305505054572,16.76820872139398,2.21104205399924
15.052436997181832,5.371408309325994,9.533199154127345,2.8023259693453872
15.46980593764742,4.437906621330134,12.283448896739468,3.4858340333918054
10.499345285207564,4.992095371611633,31.73452090298537,2.1031940505211115
21.22849932347499,1.4864098228610785,28.40461051790348,14.281727015644883
13.576205149787064,6.0026673039109735,23.297324178791747,2.2616954201245894
16.20295631711899,2.3546403223157286,23.11396554491592,6.88128720278764
20.14438834058749,2.498333967089905,3.517367112473817,8.063128711351572
22.1161487808889,5.656388283698115,23.187776437548607,3.9099417634797664
3.7535790816213073,4.11246001880132,30.379319184125528,0.9127332702228634
27.77676821898509,7.330004689802168,5.824971789857363,3.7894611796946567
18.323140119795916,1.712963539239714,25.176614668435025,10.696748471323858
7.515134634434464,4.855680256162474,17.71495310825648,1.5476996503006566
30.51151975522523,3.114026249794169,20.51476275239523,9.7980933067735
16.156746342928585,3.5371845577265137,18.405892164004968,4.567685423039717
26.792971840638266,6.056936852825063,18.906959209281442,4.423518437069646
15.67518481410109,4.015671512579248,1.7352787168891695,3.90350275539171
35.60747924881987,4.076592158099266,25.473177066214483,8.734618982690204
32.55340842443204,5.145014674619604,26.695899924277736,6.327175038978654
12.510358515209266,2.2700945409142292,12.706092559319723,5.510941632488575
24.715709509543554,1.3215806653219873,14.565230501861375,18.701627647921036
5.350765394198955,7.112414259880644,20.720574417141442,0.7523135181229936
25.58424486849588,2.557492752828456,26.243533598705028,10.003643154101225
3.167414873342249,3.6148133956182016,20.646059258936003,0.8762319175816159
12.305931655554422,4.720946976719491,14.764478491257618,2.606665932966189
22.17542255795962,1.833845122862123,13.25645742097164,12.092309367625301
30.02357052096028,2.665756572427177,17.253079220409415,11.26268273386409
15.740947804197752,3.5651599009765995,11.304730711666414,4.415215093125516
31.28615545571292,2.5026177476329057,13.685274043283322,12.501372007492892
18.840654489393074,4.325762537334826,32.49583904205421,4.355452784747892
14.67305251905907,5.34694771497065,28.814540786904864,2.7441922571968917
21.696725488300384,1.697286212416342,17.634872153310596,12.78318608233542
18.665982460968483,1.9427666365004863,17.942241290134938,9.607938550247905
5.601202136726448,4.172728037510186,12.65592199683678,1.3423357780270324
9.861330826633065,5.476566142867272,7.162343344136035,1.8006412356539416
4.407864781110485,3.0425431534721232,8.094589476837406,1.4487435539181321
14.373209027268281,3.6176660251979276,5.838080845187575,3.97306134042097
24.551423205012384,6.404429889270476,6.681777917695552,3.8335064368717786
5.142739536644562,3.4815063589771365,14.328217099506448,1.4771593116249526
20.040465155178445,8.203366228360789,7.842400108892482,2.4429562934657576
9.697423816275592,4.1310192912630885,21.8205206571262,2.3474651490457057
13.929696400454421,4.506683242209065,9.19946758629957,3.090897596261154
4.647576775806259,3.7623167697655555,17.39404500535377,1.2352965101595812
9.46350694652818,5.579505508165491,19.99685110302934,1.6961192945644614
3.0212210741115157,4.346362702539917,19.720022709192744,0.6951148076864321
34.64725132916389,2.7230880320324524,15.759552679160874,12.723514965949873
8.002744920074143,2.5819534854279493,19.82248952680657,3.0994922895552155
17.13979910734222,1.2989590915813998,2.6233757767270216,13.195026093143248
13.876719503091701,1.8389531003905546,23.691560643892732,7.545988802076889
12.790304004667771,4.177156808841219,23.87290837266742,3.0619640559330397
21.141667000434254,6.3398090087028125,7.367138958214184,3.334748250524987
22.575077100473052,3.789343059645962,15.379378354476021,5.95751737046005
9.694988523894725,0.6082338759296313,21.833289928110695,15.939573423260581
9.2418175935532,3.8892053364402814,12.906861804206384,2.376274018489357
12.24948302848356,5.393262973291302,25.729780477660118,2.271256396942975
28.668742674445248,3.029376389458394,1.189553968462251,9.463578964372525
12.509639604436217,4.2965608676877185,22.215625051261433,2.9115471628750678
20.765569630557664,2.758103702784437,12.69133626155231,7.5289299708324355
18.11250154543536,3.8390648878140556,29.532606633210342,4.717946186043375
26.195749114345766,2.125083399353179,21.929186230316112,12.326927556028663
13.720824085192335,4.444762715655543,8.941391792411066,3.0869643584941517
5.444595593995743,2.254333695816466,32.19377906207296,2.4151684393928377
17.03463635867223,2.200727628770795,7.333434122166521,7.740456445392489
7.436492547156966,3.449369451503772,9.504428640914199,2.1558991148121245
14.920273586833826,1.8962837082151065,14.861622539057628,7.8681652551229595
29.79944138890026,8.116398571336504,8.102722259358261,3.6715103536362275
15.773683076476184,1.8715048026852228,10.06877177600228,8.42834229110404
6.387157986717364,3.369102606394074,29.43632003468814,1.8958039374032283
30.231240772696573,6.084219905135751,2.434931057207436,4.968794889740602
20.389100436846586,7.012185776318246,23.132051867479774,2.9076668940667885
4.6275384567354365,7.123007153272796,12.210370696681915,0.6496607903319639
13.096613219163919,5.416732461186285,12.202398315041656,2.4178069182866215
6.243817466152429,5.048125051622925,22.903718960517114,1.2368587153254256
24.261775475316412,4.5567221523332755,20.70612997219531,5.324392109993615
34.094166404701305,1.8976285673429332,24.68184660532861,17.966722777808982
20.629692366905708,2.993251085178096,8.877632654922497,6.892068784025266
8.493574308781731,2.6596307549501432,4.1484947344220195,3.193516352964925
10.128746162353039,2.0935439013454498,6.7458947002104495,4.8380863452844896
9.076060757611309,4.392774894913431,44.49094425308725,2.0661338162628917
6.36009230320184,4.910610417141021,27.446795807367867,1.2951734637716819
15.48521627944827,3.176813772583695,1.4892563379197874,4.8744488622807065
6.690498835889622,5.955060162110524,1.7754204325642995,1.1234981098022112
14.49761890550863,2.612681081440564,20.47264797377967,5.548943194212982
12.610519531335903,1.5663553587943901,20.488838353173644,8.050867550925423
9.232286694316674,2.8346386283146017,13.745457399970999,3.256953673776025
22.55391225825756,2.756504983233433,18.278795241593574,8.182068378414971
20.00917187624381,6.026899486484262,15.858930062933304,3.3199776968432535
15.993323054292258,0.9516263513415901,12.702003694248063,16.806305365278174
22.51387123371789,6.708185132668376,6.485935657396864,3.356179173421581
20.43360192379935,4.164195406937232,44.8525900260341,4.906974799923781
8.373762410541534,2.547031802300336,18.674816654743044,3.2876552240057713
20.70598668593159,1.0811215265530405,11.86470313827602,19.152321156668545
7.367408434574831,2.255586447857894,24.218015019772523,3.266293979364692
15.48084946661382,6.086487056544378,21.06850593215671,2.5434785817819714
17.597225017214818,2.022301156427452,35.56543564829541,8.701584806637626
5.956833748955914,0.7607651334219776,3.691115646740844,7.830056199029045
21.38592458777374,3.281772493822408,19.736320768114545,6.516577437354508
14.339202013526835,3.646335428369563,20.555126463422482,3.9324966929711462
2.889838002375434,2.7047948274026625,5.813134885139057,1.0684130171716069
8.481638921978409,2.0679269962635156,10.826331863949157,4.101517576444268
6.395866347160476,4.027200213139433,24.75816719344709,1.5881669667906908
11.154444557701746,1.9345983206761772,24.184544439424137,5.7657677247456025
23.356921120651418,2.9449701898987275,7.904201452508274,7.931123106361434
3.702931453423819,6.544503193339488,2.4149508932466546,0.5658078763247284
20.29804177915283,6.32251842909574,12.829829495756297,3.210436158753261
29.415686206579004,2.0858074868274565,11.915172115441802,14.102781005605022
7.031047445295232,3.9375485121500473,19.32959825360696,1.7856408431793567
12.969546139570074,3.603583799638932,9.352259958290578,3.59906883277408
18.711458733713087,4.53216055676938,25.213832954293984,4.128595732506664
8.960148132841795,5.453866447768615,35.88442772869925,1.642898339857173
17.54420843301213,1.34623929192028,18.89614177370904,13.032013356248886
18.37602662075202,2.5470422161969464,6.317072681236336,7.214653335502909
10.881230338775326,3.734731013632356,20.346290861224354,2.9135245079383556
10.674418121803791,1.3936420986393103,15.03375506597161,7.659368307132667
18.94452142378297,5.985377137919043,18.278211728430854,3.1651341239241404
10.790155191797371,2.4577527979148623,24.242701395378297,4.390252429354023
17.89774856896413,2.9572654113031276,4.8610404770746225,6.052127922152728
11.739764678321588,4.7680907927220995,17.553837556743172,2.462152083228131
27.012139221639448,4.473687794184867,6.046536776369759,6.038002753958655
10.919246269784486,2.437344885763573,10.918991608397793,4.479975867823768
4.919136890825959,4.031878435408199,21.511362418236573,1.2200608152333667
11.484865159586914,1.9418946453074104,12.653794300425862,5.914257597516991
15.184183791895517,4.588529359243655,15.382379949600283,3.3091613026964235
18.269273737641626,3.5871158643332586,12.00323351993213,5.0930258259269685
23.29405581183489,3.9328599648670526,41.20793091029975,5.922930391604302
22.708651938869668,5.329478708914342,24.96858773465808,4.260951807704211
26.43754043206929,1.379495125971238,32.586204841951336,19.164649395521316
18.38496407494414,3.401138394461886,18.72105472606863,5.405532484323659
10.847120860991987,5.29727469885743,18.89159195667929,2.047679510245448
37.70692857804396,3.123359699695943,27.235688824186276,12.072553981443347
16.818662550584953,3.8576330006611457,25.964692338108836,4.359839971221333
17.48220586300336,4.386211214526288,8.743227125037876,3.985719111087414
10.406391004597559,3.3528831105544503,1.8075280540123266,3.1037142248829257
6.501556305352082,2.2659443218333553,12.970193626043429,2.8692480405219007
23.303358165442454,1.3448195587025606,6.999614356023535,17.328241558239082
6.439161740911327,3.1722877660927495,14.36475425384645,2.0298164024515115
15.715662372193925,0.8557219760287862,27.374381346841393,18.365383632107697
19.789798257463918,3.873119608315336,14.57176618688425,5.109524171413789
18.336621052869482,4.807869682172391,15.580227348083952,3.813876470250802
12.301250647066286,4.238308522010396,8.932997052347034,2.902396223206356
5.212362842176926,7.114990939423397,17.112836922794727,0.7325888235915784
10.557067399238884,3.041587415350816,27.00078956426861,3.470907114475036
18.773004930448522,1.543994117541731,10.080975524937948,12.15872827309598
5.778346758223746,5.74975283829637,21.197114459661364,1.0049730694051622
23.696059201056602,1.7080716417509294,8.646376111743706,13.8729890607902
19.134349032237008,2.034512955635935,8.756546102867759,9.404879422975272
7.26210800896427,3.245340631989591,8.952553354617873,2.237702858486123
29.96044311489183,2.495292995747425,27.748750412787224,12.006783638615417
21.543656563540576,2.416377462168912,21.515219913395057,8.915683456260698
17.799686263198204,4.766219554294318,12.98508466052482,3.7345502154135675
3.7451095270162345,2.844325605974396,14.93478684770542,1.3166950784923417
39.45751979616826,2.6390401728187487,20.987943895619104,14.951466143853292
16.292211819752275,9.38621513568972,21.683404887180806,1.7357594711209532
16.093947946048928,3.5975058167313723,7.658262012215042,4.473640562636142
22.25766623898692,1.4964178998096314,15.819955564135604,14.873964179270013
19.810092317367133,2.1472848075889135,19.572804046152413,9.22564731392617
17.238840242791312,5.29689141839351,29.558223221467664,3.254520223489812
7.095255445546881,3.226540821075529,22.04506539824723,2.199028569296626
33.82024496475034,4.838457869150407,15.83826627929361,6.989881048750124
28.454200461549775,1.663711828922012,29.104591452035038,17.102841950691925
30.93186626639397,6.746595552435091,19.097627959594973,4.584811113396229
9.887843235688148,5.160096131429297,6.389120898264295,1.9162129898051552
5.103951797414192,2.1053562086824975,29.033699701251905,2.4242699531630203
13.742130799003519,5.562032723470226,21.979032725390276,2.4707029753736545
15.557249122886946,3.1357110210548065,10.569559788715177,4.961314680602716
25.941915184709487,4.705547350244439,10.205070326007567,5.513049440117074
13.419921014210106,1.712900335365076,16.972922656312065,7.8346187090621795
10.731189300525799,5.059921635162322,18.113086734428848,2.1208212447309065
4.878956247398325,2.330449335786918,31.999573745763804,2.0935688978412643
15.733179671884038,3.8471981311869223,24.41310580767483,4.089516353302579
2.0492122793638394,0.8649341714914542,18.97927049946809,2.369211839359137
11.642153007098717,3.048438913345516,33.0930634973311,3.81905405948319
31.69021525289393,5.8244411108308585,12.819541046076262,5.440902337215546
12.404086486363951,2.8407172175085695,6.523660713809152,4.366533356404572
12.542569359140558,0.8752129437062406,4.103669626576117,14.330877358859523
12.272764302523296,3.856614194415297,7.152380918722966,3.18226394548236
12.69065469791322,5.374772103129502,15.15618333949603,2.3611521482974114
21.962063648134183,8.179127284037229,24.02277173786647,2.685135331124677
33.48956094945345,4.1592663464271515,5.922438198530797,8.051795235046992
26.265650295477574,3.651592633164333,30.19283923641769,7.192930026457182
12.311113094451695,3.388768603154672,20.107920885275945,3.6329164177781377
3.9347409125832975,2.293667414378623,25.305805856240575,1.7154801467366432
40.733598032498605,3.6769676869233825,8.42165446147863,11.078040793603357
15.592184340144883,2.409197179721941,23.545252270666158,6.47194196945908
15.139292919129462,3.3369219525392286,4.08066099604687,4.536903510017436
14.758749128899968,5.63519507121592,23.902475008365087,2.619030742038791
16.980847607678548,0.9869148694407177,16.718393397935312,17.205990236322567
13.556395880760576,5.279757122258091,20.532512199847837,2.567617329140069
9.263379931197637,5.634230134679731,3.2440539437514833,1.6441252326879259
9.531410587596078,2.7638629460178423,6.049301577233953,3.4485829340159135
9.56575228866235,1.784356025811135,5.516519957757993,5.360898918316448
7.871542173228356,5.593989093122218,19.63206292099123,1.4071429246986518
16.06430227691897,2.9542638754022357,1.3286219353975426,5.437666692766822
12.450227825791448,1.0013955354101785,23.48174212666668,12.43287730526155
30.039929885826886,1.9904501575435651,2.67476685231491,15.092028188688468
25.91506851922462,4.093467136402759,21.256309336460006,6.330835855200773
27.46085192497629,2.5221358016606112,8.032281815704252,10.887935497722074
11.573124059196513,2.216483701912356,17.60442263333556,5.221389198220297
11.285591340042085,1.155179631002995,9.611581438072617,9.769555346334553
3.8942415453417123,5.434317041650993,18.496500472996935,0.716601831563108
24.35678393147461,4.996621796295921,15.953441994413081,4.874650298633909
27.715550949941587,2.136759374563903,12.365517839177508,12.970833908520058
22.21672064043235,3.807460180673219,21.791427754381957,5.835050029729814
3.709482287827708,2.9516087872181678,11.979545005101357,1.256766243511499
9.754797337202262,1.1925962785397437,11.705522136529087,8.179463170173879
19.89374561227918,3.648718563443206,22.318707042882956,5.45225543334478
2.7787219110805452,0.641920417680395,18.350580290841176,4.328763869392981
22.12998430172388,5.375358776923127,18.161559571827784,4.116931579847244
12.59674601841865,2.070765405403214,19.692675898085263,6.083135243398488
22.109599682034915,3.5665757430922844,22.567886799869818,6.199111213285351
19.4426331148604,2.482190052591845,21.124687940136024,7.832854335452216
11.390338341809201,4.17338760295055,4.833168714235027,2.7292788078817143
26.59329803364248,2.050192686754951,12.559195263257987,12.971121302619805
4.189366724001026,4.742594594914488,14.606927123723688,0.8833491120015421
20.931012579683838,3.2527591590928235,18.338599665685347,6.434848556547108
11.904535606860097,6.8778579981165695,29.313667818311835,1.730849286234178
18.26133022242118,0.9993373507888506,25.817667276728287,18.27343910242739
2.48886423614697,1.644510058950297,1.8778080656859366,1.5134381347205808
24.240270192069012,4.02781569931783,21.220699903060485,6.018217317186201
13.150978635570109,3.359163563879196,28.289333195354097,3.914956323348312
9.772769794809605,3.7012601985471183,18.868085206892026,2.6403898322646375
25.490092258368893,3.978374260295327,25.90980425185967,6.40716297427399
7.956563094572408,4.269442937123539,35.12270445700765,1.8636068479540329
21.060099513456397,2.517484690762915,25.450884740847535,8.365532307199139
2.19570647503717,4.345147402405463,16.448878330968913,0.5053238179725807
32.54794181984364,6.799763869790431,15.239030432849555,4.7866282481433835
17.110174672026183,5.214161338573946,6.815713340579986,3.281481634533724
14.032868881296077,2.7592376720928034,30.32367724678116,5.0857775041366935
18.99136114352071,4.694843354300843,1.0069382519805856,4.045153311904036
14.623652975751517,1.9293436280921545,18.676492929914215,7.5796000063566815
16.142276486620396,3.663960661138029,21.255080168310357,4.405690447999131
16.503017614618777,3.3809993595581327,23.85231482988991,4.881106400675444
11.36387787786144,4.418903634278079,9.076440443479465,2.5716509836761734
14.430543762789325,2.1290272588603134,16.23547695955582,6.777998591955145
18.078017688920593,4.026211596352166,34.541574337502865,4.490081372101671
22.43264094022715,4.230734968026107,29.816634024625987,5.302303526399652
16.70865438127942,1.1291225959108093,34.625871905307946,14.797909847691379
13.160166636473209,5.1719642323500645,15.036956718478473,2.544520040211767
15.184339330653932,1.928073109771904,25.114630354083562,7.875396038509286
18.47581705361671,4.61611559656229,28.41475915530881,4.002459788350189
9.602403196906385,3.734574626802681,7.575157674616159,2.571217382561019
7.216952745976873,6.676367353590245,10.146941646321316,1.0809699891807072
16.958452550976816,2.5530680352562958,27.308745131547347,6.642381760607646
5.21627222384968,2.301366407763605,31.850142787085094,2.2665978812642393
19.08252755714472,2.961160788224535,20.628808601743547,6.444272676117091
25.291556373256437,4.5998838038841,34.87061111699441,5.498303316249093
17.560297343138757,0.8926351617072918,11.648622188285483,19.672423960481446
31.654744444625766,4.900615183947151,30.541604207147742,6.459340971785867
25.143700650181305,6.4212267451638505,23.539759765522238,3.915716053652566
2.204230332642984,2.6623565536199787,19.632885301181062,0.8279245428813489
8.751814223043212,3.140104326226363,15.435146686434662,2.7871093803946163
15.260910502108338,5.323756605216381,20.581395145185063,2.8665680333986767
7.742561868465344,3.47673796546957,12.033925409302016,2.2269615787451587
16.867667644770783,4.95039525956486,17.41321934916781,3.407337547881672
7.4461706764667746,4.002188339879691,3.4898591638049297,1.8605248039602786
8.884821970080518,3.379163233197487,18.8632331781156,2.6292964728055996
5.241267470226672,1.6918486337451524,10.341944308818372,3.097952952578486
5.50601111168057,4.022405199049961,14.260524343916074,1.3688355198479298
41.32382064837391,5.747317090325915,10.483405238403773,7.190106270268541
19.933179008808892,2.7251029707446164,16.950249840281266,7.3146516747447095
16.84836123694874,4.905749094405878,7.417179311124098,3.43441152670471
6.416422198187865,6.224556515977291,3.693846650624737,1.0308239923146476
22.003098794089915,5.629828907168095,21.227112239002686,3.9083068343470972
9.243621737622261,6.279929058742786,21.29529584221811,1.4719309169191146
16.220098146453616,4.484254982143785,6.956842403400076,3.617122177717754
40.60084538268795,3.1508672778031857,23.953554307625996,12.885609517324779
26.49273326285676,2.5078750237401026,17.53165238037981,10.563817180709028
7.968235748741126,1.3135068093676165,23.203440126124562,6.066383281695667
14.650115095030383,7.3418854349956275,14.66387435296287,1.9954159220735794
32.7080063563551,2.648228375135327,19.547409121411345,12.350900950785142
8.730329422122326,3.2464096135689715,9.835703561124284,2.689226087069325
33.12448557996929,4.102970752080935,13.035334165719028,8.073293128684695
22.077519354554752,3.0872048927449076,12.941405691196596,7.151297086383244
9.375332241057324,6.3901020808615066,7.534216534597611,1.4671647060438433
21.32407739055521,1.754701276531096,13.23225836884218,12.152539965498404
21.218099622171962,1.5150588286039035,10.088462528578953,14.004802468115392
7.728628241751315,1.7764618181894292,12.438202475046198,4.350573799344777
12.524813644484952,2.925926405903176,12.585025541292211,4.280631809199175
14.255665708999537,2.14139555096548,14.38235800139871,6.657184704886567
21.20672097550678,1.615158040252288,19.79441518086064,13.12981172554129
21.10585745283823,4.520111927379205,4.579555877568971,4.669321864575058
20.597904479310397,3.1648795058690067,10.127970788050728,6.50827446704157
23.33922154548904,2.381581845900273,7.300039338025427,9.799882202522614
19.591800792284367,1.4956871888188337,2.038833357501055,13.0988624752187
14.298342885413529,3.638349020838361,10.438791725258117,3.9298986445557813
17.07687687163111,3.2300521582948343,9.425769468916787,5.286873410937768
17.715788371953735,2.679734408866719,10.87002177856566,6.611023955708314
2.232514241796906,4.342680152900932,5.733016911526892,0.5140867305886149
4.189434595917376,3.4263932564753783,14.685608296252235,1.2226952023092978
25.531528533329038,1.4960613365223618,6.515713658091855,17.065830063276564
14.60444846143345,2.3618921286667636,20.731278132412,6.183368107364556
15.283183761304612,5.152014277197196,11.403703275475376,2.966448254801612
15.297561394957452,3.0426232973438845,18.01107339191742,5.027753980688884
24.382838059759976,6.802381371506015,16.838345163225043,3.5844561967512463
9.839552717826262,2.8786783723707585,41.93033663980496,3.4180799120406147
15.961207769409834,1.5831864661790744,18.498000245679076,10.081697961915536
17.22133771633713,3.5342533020229667,14.19400250703239,4.872694808399791
10.212513783365226,4.017450046459867,6.669439429992414,2.54203877217201
6.053926977804961,4.790076628152231,9.50459725404465,1.263847626617251
13.131283558386409,2.033877896633121,13.832340842047534,6.45627919951533
10.60268941725825,3.293586023971099,8.644421585955966,3.2191931044431983
29.469778843537327,6.224441256510849,32.388513518533316,4.734525980578826
16.965547765115748,4.793678631731064,11.787572338820883,3.5391500074316107
25.31844539468635,2.4629387041883355,33.32557043479201,10.279770808599995
23.89630795623437,1.5616933615151598,18.6873314731752,15.30153648924402
15.822839892754242,2.5777395223446113,18.937972982162513,6.1382617427390045
9.827115498996278,2.7374860658153906,12.211166058492434,3.5898321535635516
29.0934744018558,3.1537037659175366,23.451579711843216,9.225176668865524
37.9889812361925,2.5502880363838427,14.511028165258944,14.895957121007642
10.54497478599228,3.3373093439334554,14.475955494225305,3.159723507549842
29.53384477117701,3.8838812991388183,32.04105516255491,7.604208907652666
9.771399728467317,5.82186475949254,14.379959906339682,1.6783968938019505
10.798131829041427,2.8028237354314767,24.514492770580866,3.852590404647449
12.182153911394927,3.037699245889695,11.334929796319482,4.010322591309385
5.813480535158018,3.4664322625270034,5.755340118704456,1.6770789373279238
4.958592332479322,4.90627326782649,30.628887685081978,1.010663707828082
7.322024348958715,3.5742483304036483,12.260069181706958,2.048549421335764
14.653151126132189,1.7751252507191242,12.566160206249819,8.254713925226417
17.342147325365207,3.7230070504122033,12.001618037251195,4.6581021981801305
5.01645959261209,3.217119411553046,31.25958915362063,1.5593016456266455
24.843223984765835,2.9335400187110783,37.18780233448134,8.468684192582211
12.860111557744911,2.583766285454921,13.409547895999488,4.977273536751272
14.505362903475671,2.7429249771221387,17.95624488747095,5.28828277275546
3.7727797843770148,1.902550184518077,29.769344261182745,1.9830119673466977
18.824097461840505,3.1856898022822295,3.3222044873206507,5.908954929747057
16.66452208213056,3.3197127839948006,17.167755637626293,5.019868635164632
17.891686439078182,5.531415681729401,9.111331732613039,3.234558288247166
8.62260015748684,4.938914401053474,8.92124739324182,1.745849281301096
9.690030449981823,3.85438872374337,9.608772968510214,2.514025217615025
8.768594735752355,1.707545380312394,9.51731205074923,5.135204508677918
9.445228808397452,6.550621785219024,23.33333911780307,1.4418827888537067
8.626128726934823,0.6127263364870399,3.9513720693747985,14.078273142935613
26.890165311075517,4.8383083472200035,17.205414270138668,5.557761800470215
29.205042479898548,5.0011646360859565,27.179591523055585,5.8396482829557845
9.292537062505238,1.6587595818467102,9.868036354866039,5.60210000545093
6.676444268957713,5.784930600128657,7.820811092523981,1.154109656701712
19.71415556386404,2.4999069708020945,12.694753748197492,7.885955675198089
9.477769557190287,3.577387258559714,26.797252083607102,2.6493552059572427
21.32931817755511,3.5206436775424415,16.941076309533578,6.058357542290072
17.029230208513,2.7313825170589046,9.687857053924015,6.234655930524779
30.475052013300616,4.586977441104426,3.9770785016357664,6.643819902014388
8.872113095156138,5.608680485756305,19.086073077017677,1.5818538990922344
17.85865390724905,5.065092408683315,6.61414201552769,3.5258298301987856
18.34456789987025,5.253410273655167,6.133190777165428,3.491935132472843
35.102045387663495,2.1783714240908303,27.28980502489062,16.11389361771203
13.230527725059506,0.7885906630281285,8.626922529712052,16.77743390247011
7.017027554615463,2.570157939422529,19.583867035514842,2.730193132096804
7.6906996005808095,4.55932106453868,9.153822693428005,1.6868080777195646
14.66873027126203,5.620617492239217,14.68941067129098,2.609807604149576
32.94557863517788,5.791367621579912,5.903165830181663,5.688738962523359
9.823887009638286,1.8756639468433958,5.6349362521040405,5.237551761962031
17.237879516388986,2.5815562525109446,8.322204435311138,6.677320898827055
26.88393273448084,1.3882598670076225,13.126709815936254,19.365201986591195
10.10560557481778,0.5313022562401559,8.931348221428246,19.020445435958976
25.44160877069072,1.8150714816942115,19.57686586053552,14.01686326256594
33.46707325736034,3.560322317639214,10.002698238483694,9.40001221000456
20.83928185325964,1.3807929601567077,9.737521434825789,15.092256735502595
11.407079092129404,3.8481220889281795,28.88337778208448,2.9643235917461825
20.906548306923092,2.0523213058581677,11.149781882871363,10.186781303320888
26.08703580582908,2.971095458243442,18.829889847409284,8.780275212447108
23.20482181197364,4.092568496007399,16.412571400874633,5.669989844913201
25.66674689589154,2.127228218946863,22.682072166317372,12.065817229802686
26.692955904456728,2.7807803921483383,17.153965054562878,9.599088076075882
28.821589910375273,2.8232740815893296,20.082686396745896,10.208569581792247
21.48709887589643,2.2599779402357445,54.262377064363264,9.507658678144022
16.467136864333227,6.197294341009433,32.24696649761108,2.6571493878167183
27.06508966508357,4.121838895882478,12.125524805996445,6.566265773298494
6.8306432901276395,2.4090393639416794,17.873289044030095,2.835422032685807
18.686733088729014,4.393908809021472,14.544877546987578,4.252872305943593
11.066611876726393,2.33236102048798,10.757636666019565,4.744810850256373
15.287448229348175,5.346249275173283,9.301670717612414,2.8594716487200604
27.784518626072988,3.739284384396188,18.29508735573009,7.430437423271719
15.464365481561488,3.895433851620555,22.505791675217655,3.9698698708818005
36.6325472330546,3.2858861895274134,27.571492168625728,11.1484528435001
11.922217650469992,6.465029998970184,9.646649129837769,1.8441086355931966
17.191503276639388,7.462600292385265,18.5845361820962,2.3036880715936725
17.49383683710755,4.276102202881514,7.690437242845267,4.091070794640753
30.774532797634745,4.001688949888914,22.579218499236195,7.690386030250812
17.79021525770339,1.9146524005319565,33.486088332964115,9.291616197676746
21.078965097165394,1.4244324961835222,13.244360545007845,14.798149546322625
16.86609123156358,1.758304803497768,21.686548047579066,9.592245438909188
10.535663854494718,2.6637123628304207,15.980675395389445,3.955255830738301
16.940899928983075,2.0558188446057453,27.95871781863014,8.240463391720644
4.734847005889398,4.495820512235068,22.45005312877281,1.05316637819589
16.32969674146876,0.854513948520387,13.053027038833182,19.109924150148807
7.998791850608268,3.478493728222299,14.358118228915023,2.299498712822486
26.950466289248425,7.148165339499947,15.91752484448373,3.7702634185478643
18.77211875064521,2.4279915562397782,17.147131831705263,7.731542023860051
30.655240292343404,5.201919269997142,30.781180575621846,5.893063444708216
14.342497389270122,6.916694908441188,24.854496856152185,2.0736056135375334
9.448004733068016,0.5409008110951663,23.691545924968963,17.4671668802614
33.8115706944059,3.9933984464730434,10.444604739761292,8.466866291358473
19.400144500533322,8.28868669403407,23.76046792529794,2.340557101102268
4.787671828692869,3.507479322989147,8.960193740307705,1.3649893236185109
22.083564472993533,3.9353863435308662,12.704513446396529,5.611536592663974
9.359213692632716,3.195966306941791,11.075288939391271,2.928445669875824
2.1969560132910555,3.616101079008205,24.96570510579447,0.6075482862037748
23.724573282801448,2.216702865156418,10.33504620771802,10.702640239122605
21.50201177958661,3.5382538824902148,21.404797952008238,6.077012134712488
14.00824136220617,2.3136154490051792,13.094968940021886,6.054697364780093
33.466369960476655,4.243143779712102,18.240570282215607,7.887163786551526
4.299152336738475,2.260779327912732,3.523086101843326,1.9016240478046453
14.544139836445021,5.252100501544336,13.131038418380152,2.769204403489316
18.520553965142966,5.523843001427983,22.77407352764511,3.3528385872580317
2.48460575809556,1.1885353982747622,19.66670981966081,2.0904768690121722
29.437646040732595,1.6924673227023603,30.2100622715938,17.393331998711528
14.178488216074312,1.8086774119130158,5.510834791751627,7.8391470599933575
26.172958315881274,5.748876186341635,32.473631979155584,4.552708645572126
19.56753219153784,9.275497067319987,12.634447127810539,2.1095939171259506
20.69767280232204,5.112113618132104,26.356201471829444,4.0487505459404645
19.477085600173147,3.4464778282583195,3.9370648758836584,5.651301581132152
21.42722759867544,2.8902119987674273,6.754858384723265,7.413721764290437
28.291525301324313,3.5711081497153137,8.914102767602996,7.922337861310556
16.965211697014702,4.042244856758677,9.710222919359847,4.19697774335681
22.090037575885123,4.290431171900114,4.434423572397472,5.148675433966245
14.102643057127732,4.111208932006897,27.23083067095325,3.430291014240303
29.401172154494727,3.1791613625104977,12.411455996301683,9.248090550294501
8.236076979407303,2.605323159385348,18.525049683568795,3.161249670597628
33.00940432910816,2.6974534326929764,9.296486335863195,12.237247149120769
23.40643548988724,4.311801553059522,1.3168496116718948,5.428458430160997
8.473760206976092,3.38947238943755,34.872759992308076,2.500023376317348
10.538165667852203,2.962582487108205,24.113627221747215,3.557087680666934
10.476936807509233,5.2482254399720265,27.637066776546686,1.996281777020058
22.604146561442974,3.81410457424907,16.998104337187137,5.926462193526335
5.33023856870787,1.7465655508200697,22.324921027798023,3.0518399760061388
14.522886438580201,4.724786944765517,17.887236628250232,3.073765358810469
3.4163531080745724,4.026170840194586,5.399537047205364,0.8485365484166735
30.033983017671506,4.450191573695994,13.772910664042758,6.748919124110323
23.773622905756714,4.032356574229917,15.933723742766512,5.89571444591229
12.79035826170336,1.7170368095540955,3.697962753260761,7.4490879814189555
15.268858389945308,3.8638450893478815,39.11676675578421,3.951726333967054
17.083828079475524,4.600819050455365,30.163940552535728,3.7132145150947973
12.528226174794032,5.377826742949286,15.720368612837447,2.329607622859816
8.180157520022014,4.416607694402128,12.877910300988482,1.8521358667173529
4.983799901050844,3.702896415083166,5.480815399777644,1.3459193405330268
12.18899707114045,5.140300476632855,15.774805185188626,2.3712615880239034
32.976865268495224,2.94695748150188,17.577525401427508,11.190139483006378
21.4084286126701,1.2362506975445644,2.5823942451837567,17.317222675943825
9.288210102172032,2.6738660721124723,18.341764172448976,3.4737005712608244
20.725827813561587,1.5101947103871018,13.447409511752513,13.723944118602443
